sensor_id,latitude,longitude,source
PEMS_0000,37.65270497063861,-122.2152547745683,pems
PEMS_0001,37.38599056771775,-122.23932246358412,pems
PEMS_0002,37.347453444816736,-121.89999285949013,pems
PEMS_0003,37.55835459990388,-122.48137221910802,pems
PEMS_0004,37.66765483036062,-121.8558955391687,pems
PEMS_0005,37.475019199080904,-122.02336790070353,pems
PEMS_0006,37.83749672895,-121.86704180415505,pems
PEMS_0007,37.64513933008016,-122.07472965042555,pems
PEMS_0008,37.51260573596484,-121.93163268129472,pems
PEMS_0009,37.4548763868262,-122.2651192885225,pems
PEMS_0010,37.423065710498065,-122.2553036403807,pems
PEMS_0011,37.67388230979963,-122.22708803877019,pems
PEMS_0012,37.48507195904176,-121.97164204289905,pems
PEMS_0013,37.238790632796224,-122.24149617789995,pems
PEMS_0014,37.458728765964786,-122.33044613545542,pems
PEMS_0015,37.67969701372583,-121.84363215024658,pems
PEMS_0016,37.31861962479478,-121.86439224143587,pems
PEMS_0017,37.31404364149587,-122.2558418787391,pems
PEMS_0018,37.5455083929972,-122.05575335081936,pems
PEMS_0019,37.54568793161297,-122.30831045184284,pems
PEMS_0020,37.61236062305836,-122.3557194099005,pems
PEMS_0021,37.75213066615056,-122.26456232970224,pems
PEMS_0022,37.67089596115942,-122.27103007516915,pems
PEMS_0023,37.597165281940434,-121.88240672916237,pems
PEMS_0024,37.669588198670645,-121.92438732969339,pems
PEMS_0025,37.40992329400457,-122.00326374000863,pems
PEMS_0026,37.43516262615451,-121.82845834231877,pems
PEMS_0027,37.348371100071326,-122.20421965282436,pems
PEMS_0028,37.390914130152744,-122.32847687301103,pems
PEMS_0029,37.61013448050542,-122.41782109396596,pems
PEMS_0030,37.2598682109643,-122.28926264925916,pems
PEMS_0031,37.481905762241695,-122.39831538622069,pems
PEMS_0032,37.480060796164274,-122.43546973184215,pems
PEMS_0033,37.5208953134727,-122.07794746230515,pems
PEMS_0034,37.47678968869229,-122.24506878517049,pems
PEMS_0035,37.402969794932105,-122.1048007601827,pems
PEMS_0036,37.47712834952583,-122.3660649954956,pems
PEMS_0037,37.78070295602614,-122.02616589824306,pems
PEMS_0038,37.81370401183252,-122.34914618690703,pems
PEMS_0039,37.52619383932482,-122.30538348437918,pems
PEMS_0040,37.60556941866487,-121.98076770449859,pems
PEMS_0041,37.275151956801544,-122.1081834730487,pems
PEMS_0042,37.40623556318321,-122.26561451099309,pems
PEMS_0043,37.469637037769864,-122.11990785221836,pems
PEMS_0044,37.76310095262419,-122.01421070799923,pems
PEMS_0045,37.36279598750773,-121.86150751496565,pems
PEMS_0046,37.51397227177076,-122.09350075062387,pems
PEMS_0047,37.84061386064696,-122.33711953477498,pems
PEMS_0048,37.53766532751888,-121.97731165845644,pems
PEMS_0049,37.59838144174593,-121.95556168771171,pems
PEMS_0050,37.278408632893715,-122.35971907952614,pems
PEMS_0051,37.737121520329445,-121.92559804622547,pems
PEMS_0052,37.591989083467105,-122.17454560169402,pems
PEMS_0053,37.5542942042032,-121.95416333653773,pems
PEMS_0054,37.4227964919533,-122.33376524600821,pems
PEMS_0055,37.39767851286767,-122.26719381119763,pems
PEMS_0056,37.471064437166056,-121.83241201649584,pems
PEMS_0057,37.64284549776532,-122.03952944879514,pems
PEMS_0058,37.76904694716686,-121.95898551864892,pems
PEMS_0059,37.53177451936071,-122.01813795974556,pems
PEMS_0060,37.63505395892548,-122.3569871175061,pems
PEMS_0061,37.58085875916544,-122.17051787608742,pems
PEMS_0062,37.60618727636214,-121.93372528910174,pems
PEMS_0063,37.63854788314209,-122.02747541116344,pems
PEMS_0064,37.74752258445317,-122.4957804800427,pems
PEMS_0065,37.25407674241609,-122.43881458014302,pems
PEMS_0066,37.69639384693817,-122.2572436958505,pems
PEMS_0067,37.35838314344897,-121.83894412226698,pems
PEMS_0068,37.326244924376205,-122.15616666331779,pems
PEMS_0069,37.57209702236946,-122.31087661279876,pems
PEMS_0070,37.262213135798056,-122.2477033963824,pems
PEMS_0071,37.77546243707884,-122.35254316071216,pems
PEMS_0072,37.60771183183333,-122.20515995998099,pems
PEMS_0073,37.67022063282347,-122.34737519231537,pems
PEMS_0074,37.21048398435176,-121.90797324488794,pems
PEMS_0075,37.58638072163928,-122.1806105806709,pems
PEMS_0076,37.56191037505629,-122.30413858709495,pems
PEMS_0077,37.30332376869407,-121.84697584630096,pems
PEMS_0078,37.299495834831106,-122.27995405245956,pems
PEMS_0079,37.652094193701096,-121.86319973656965,pems
PEMS_0080,37.407198177148224,-122.4696073363208,pems
PEMS_0081,37.64978069209568,-122.00501945781262,pems
PEMS_0082,37.56034911231655,-122.16127767267577,pems
PEMS_0083,37.452817873180045,-122.18904525707042,pems
PEMS_0084,37.80133611824909,-122.47457365895362,pems
PEMS_0085,37.74708549799327,-122.47152176665604,pems
PEMS_0086,37.432308418344064,-122.26707246805664,pems
PEMS_0087,37.22833445146938,-121.8370163220648,pems
PEMS_0088,37.39809924771721,-122.06763801601971,pems
PEMS_0089,37.45882069324669,-122.24178761082335,pems
PEMS_0090,37.65822323979339,-122.07161607266157,pems
PEMS_0091,37.84698301332211,-122.35570792460034,pems
PEMS_0092,37.43134466271635,-122.38445349002038,pems
PEMS_0093,37.69565607896053,-122.24672791412804,pems
PEMS_0094,37.585564995765445,-121.8956526539217,pems
PEMS_0095,37.64960616915512,-122.14341879085484,pems
PEMS_0096,37.29823284402625,-122.2921689387602,pems
PEMS_0097,37.459269590272,-121.83482386245159,pems
PEMS_0098,37.35655633352036,-121.92882373723306,pems
PEMS_0099,37.423246409131416,-122.2739182400383,pems
PEMS_0100,37.53353330022935,-121.81953122834041,pems
PEMS_0101,37.63330595760665,-121.80885423151872,pems
PEMS_0102,37.26884051528693,-122.21393790637795,pems
PEMS_0103,37.285081717931654,-122.04085382797807,pems
PEMS_0104,37.409287394204405,-122.21604276108414,pems
PEMS_0105,37.63001681883306,-122.3198563259816,pems
PEMS_0106,37.75022904642597,-122.44214312680009,pems
PEMS_0107,37.55961727411787,-122.31547275771752,pems
PEMS_0108,37.755394116890926,-122.30996410254318,pems
PEMS_0109,37.45014457732925,-122.2209526442218,pems
PEMS_0110,37.40591213312695,-122.37057977828228,pems
PEMS_0111,37.43027203913459,-121.83232711767987,pems
PEMS_0112,37.31120318898332,-122.42798408023319,pems
PEMS_0113,37.73892321242623,-122.06235402680284,pems
PEMS_0114,37.42013604984432,-122.19081182836764,pems
PEMS_0115,37.55904054894115,-122.20353736571639,pems
PEMS_0116,37.57605845427074,-122.23960575195301,pems
PEMS_0117,37.53899648860827,-121.89217970287929,pems
PEMS_0118,37.20174724197331,-122.30366611354724,pems
PEMS_0119,37.84242452253383,-122.48559668982446,pems
PEMS_0120,37.788472024180045,-121.85733208882863,pems
PEMS_0121,37.33496330977761,-121.89486380569848,pems
PEMS_0122,37.39011811831508,-122.3061687469678,pems
PEMS_0123,37.538006599497116,-122.13355871617249,pems
PEMS_0124,37.78624239222944,-122.42363826191497,pems
PEMS_0125,37.83936007519262,-122.43460105186725,pems
PEMS_0126,37.367402341700156,-121.9137737240964,pems
PEMS_0127,37.56683337790111,-122.21281399770153,pems
PEMS_0128,37.72452964468917,-122.03679842185838,pems
PEMS_0129,37.45634053506931,-121.839759609066,pems
PEMS_0130,37.675197473298965,-122.32840858590697,pems
PEMS_0131,37.30469485937899,-122.4907881180964,pems
PEMS_0132,37.590454069091834,-122.48309611595135,pems
PEMS_0133,37.76281189789712,-122.00343001531778,pems
PEMS_0134,37.83928904598231,-121.85281368064456,pems
PEMS_0135,37.25158776374571,-122.17286880889098,pems
PEMS_0136,37.47842572855562,-122.23742359633174,pems
PEMS_0137,37.332952858705184,-122.11999770272581,pems
PEMS_0138,37.49291371883718,-121.89875821369299,pems
PEMS_0139,37.55604632220876,-122.04349228834494,pems
PEMS_0140,37.26066236174039,-122.33691407232253,pems
PEMS_0141,37.392959504062446,-121.9577938568356,pems
PEMS_0142,37.8029297560989,-122.40577055186446,pems
PEMS_0143,37.56985242542963,-122.3841080204899,pems
PEMS_0144,37.49731779839035,-122.07112240203371,pems
PEMS_0145,37.689791894018775,-122.33285161570016,pems
PEMS_0146,37.68221039869733,-122.00665501671112,pems
PEMS_0147,37.23157637134878,-122.25533703082563,pems
PEMS_0148,37.660653307037784,-122.30580322799483,pems
PEMS_0149,37.74550817607331,-121.80075711581904,pems
PEMS_0150,37.307859624734526,-122.47156871280907,pems
PEMS_0151,37.70764865969998,-122.04792423482182,pems
PEMS_0152,37.38624880087392,-122.47291029049143,pems
PEMS_0153,37.39920533966421,-121.9678528194567,pems
PEMS_0154,37.6324199524773,-122.3389370297512,pems
PEMS_0155,37.27240491154502,-122.43711769304934,pems
PEMS_0156,37.632167091722145,-122.04608520166366,pems
PEMS_0157,37.77710691523955,-121.98717914789495,pems
PEMS_0158,37.65260232435302,-122.0253332795568,pems
PEMS_0159,37.48621311983252,-122.46366933700605,pems
PEMS_0160,37.484839349845195,-122.29398513811209,pems
PEMS_0161,37.697312461905554,-122.18423815764609,pems
PEMS_0162,37.56766730079683,-122.29902769719214,pems
PEMS_0163,37.255187706074686,-121.93264058061074,pems
PEMS_0164,37.57873620710991,-122.40821942639312,pems
PEMS_0165,37.72964840688072,-122.07147444681658,pems
PEMS_0166,37.41909314924095,-121.80824953946077,pems
PEMS_0167,37.802924776724005,-121.8682104229808,pems
PEMS_0168,37.68796605022306,-122.34449005626043,pems
PEMS_0169,37.57314148634748,-122.49994267867044,pems
PEMS_0170,37.6885685927154,-121.81358186055661,pems
PEMS_0171,37.251446824479835,-121.88210091071183,pems
PEMS_0172,37.7586028991924,-121.85636927357066,pems
PEMS_0173,37.73397767358036,-122.20914751441366,pems
PEMS_0174,37.791416578746635,-121.97876917649029,pems
PEMS_0175,37.2836102783811,-122.3510179510016,pems
PEMS_0176,37.253157056611094,-122.22538715024125,pems
PEMS_0177,37.289970122308034,-121.90391636402897,pems
PEMS_0178,37.45959616156682,-122.41067144304739,pems
PEMS_0179,37.47579945970265,-121.87429424248845,pems
PEMS_0180,37.56544194617509,-122.15244441933741,pems
PEMS_0181,37.27945830726113,-122.2017330412392,pems
PEMS_0182,37.33090967589789,-122.28604752833482,pems
PEMS_0183,37.72756882638462,-121.85820585030905,pems
PEMS_0184,37.50419192313689,-122.1376635774671,pems
PEMS_0185,37.72515983616435,-121.93718154216657,pems
PEMS_0186,37.204827146054,-121.89964374890327,pems
PEMS_0187,37.558535271888566,-121.85433235178593,pems
PEMS_0188,37.80575589624984,-122.28763348617684,pems
PEMS_0189,37.57841404844482,-122.26213240216896,pems
PEMS_0190,37.33396222283943,-122.08344828655667,pems
PEMS_0191,37.666542415481715,-122.19107310517838,pems
PEMS_0192,37.4463408023043,-121.84701022716618,pems
PEMS_0193,37.634449565718654,-122.22170516385656,pems
PEMS_0194,37.21905781988095,-122.16555536613735,pems
PEMS_0195,37.61333523357838,-122.0679697380127,pems
PEMS_0196,37.220928657709656,-122.21668235981838,pems
PEMS_0197,37.68410742584215,-121.80526509485242,pems
PEMS_0198,37.507393451454995,-122.43080410080871,pems
PEMS_0199,37.27914033105749,-122.34557767753496,pems
PEMS_0200,37.552713351762534,-122.27414140821344,pems
PEMS_0201,37.243403388096255,-122.39659400945227,pems
PEMS_0202,37.62468716637948,-122.30104653582791,pems
PEMS_0203,37.84745611278909,-121.95452829499837,pems
PEMS_0204,37.700108269098074,-122.13397559938035,pems
PEMS_0205,37.57295317387824,-122.47623245471024,pems
PEMS_0206,37.26671291848702,-121.81216419036896,pems
PEMS_0207,37.6548921486024,-122.06879546570335,pems
PEMS_0208,37.62975911376316,-122.45874236497788,pems
PEMS_0209,37.23191313490481,-122.0371818597421,pems
PEMS_0210,37.71499454619899,-122.23514144051333,pems
PEMS_0211,37.53716578407883,-122.40502869201245,pems
PEMS_0212,37.47681400122995,-122.10543478497057,pems
PEMS_0213,37.71232166284096,-121.99104403464767,pems
PEMS_0214,37.467519995085745,-122.03021137687091,pems
PEMS_0215,37.512667079078355,-122.32674079254976,pems
PEMS_0216,37.318058747737986,-122.13259364498296,pems
PEMS_0217,37.40885728467918,-122.1236355891504,pems
PEMS_0218,37.74959644776567,-121.99823764510757,pems
PEMS_0219,37.321487436802364,-122.24809285574125,pems
PEMS_0220,37.47123918958717,-121.94158718336634,pems
PEMS_0221,37.842872429806945,-122.06045470577308,pems
PEMS_0222,37.35378987760859,-122.47316787508703,pems
PEMS_0223,37.79594101641024,-122.11746468483165,pems
PEMS_0224,37.796958354073666,-121.89666153319776,pems
PEMS_0225,37.25934262243209,-122.1026980862113,pems
PEMS_0226,37.501374271175585,-122.37692021418101,pems
PEMS_0227,37.526440617959814,-122.14273654075669,pems
PEMS_0228,37.403884817533886,-121.97013791442949,pems
PEMS_0229,37.230770699204534,-122.42292636248821,pems
PEMS_0230,37.35709566420951,-121.92803064488183,pems
PEMS_0231,37.26209426701099,-122.38276285118586,pems
PEMS_0232,37.35486243871307,-122.12614645544875,pems
PEMS_0233,37.725064206088604,-122.22997956229429,pems
PEMS_0234,37.78173588712591,-122.32596336274204,pems
PEMS_0235,37.228094879851774,-122.04679724089388,pems
PEMS_0236,37.39626544357077,-122.47382552385929,pems
PEMS_0237,37.837378429086286,-121.96796793527945,pems
PEMS_0238,37.55067813465993,-122.13114155288594,pems
PEMS_0239,37.60710108511141,-121.8869601526193,pems
PEMS_0240,37.20360451546449,-122.13549717605505,pems
PEMS_0241,37.51519113823767,-122.47547678202616,pems
PEMS_0242,37.842413547504556,-122.3994793217825,pems
PEMS_0243,37.443870592863824,-121.94307678795141,pems
PEMS_0244,37.26307480311526,-122.15561676579944,pems
PEMS_0245,37.50024069501949,-122.19068450997389,pems
PEMS_0246,37.82595290289497,-122.27709565303576,pems
PEMS_0247,37.422189898817265,-122.30081556121301,pems
PEMS_0248,37.71929977658976,-121.82387958125717,pems
PEMS_0249,37.71925011528849,-122.1969214684516,pems
PEMS_0250,37.33536139288031,-121.88119787712749,pems
PEMS_0251,37.48818900617079,-122.04628581375596,pems
PEMS_0252,37.6651408288503,-121.89910064760844,pems
PEMS_0253,37.46683786051906,-121.9032853186582,pems
PEMS_0254,37.324154520990774,-121.8305815805472,pems
PEMS_0255,37.82887129942417,-122.01144043465783,pems
PEMS_0256,37.622987738209595,-121.93622214522394,pems
PEMS_0257,37.762548903489886,-121.98681047321818,pems
PEMS_0258,37.21640753256977,-122.07634121483795,pems
PEMS_0259,37.37348877961424,-121.99785210627579,pems
PEMS_0260,37.526346215212385,-121.99897471200262,pems
PEMS_0261,37.24384161283454,-122.47136454487459,pems
PEMS_0262,37.84547161971162,-122.13872241512794,pems
PEMS_0263,37.35370055752872,-121.94514404749147,pems
PEMS_0264,37.44328991852454,-122.329926469443,pems
PEMS_0265,37.33910774469043,-122.17439640946819,pems
PEMS_0266,37.26853981296855,-122.19551000232772,pems
PEMS_0267,37.35111186064275,-122.21804898150103,pems
PEMS_0268,37.395396588077084,-122.4147123305628,pems
PEMS_0269,37.612387474134636,-122.1320019211109,pems
PEMS_0270,37.38280260794439,-122.18762614431077,pems
PEMS_0271,37.435479894634774,-122.03562506990565,pems
PEMS_0272,37.2038628484203,-122.11541085885229,pems
PEMS_0273,37.43771743185279,-122.4807199492435,pems
PEMS_0274,37.547025888103896,-122.47765740867598,pems
PEMS_0275,37.30531029408285,-122.00904813928723,pems
PEMS_0276,37.588331520434245,-122.00469321700845,pems
PEMS_0277,37.39054910460767,-121.82804260639287,pems
PEMS_0278,37.61083282162112,-121.88630672294732,pems
PEMS_0279,37.21702779341305,-122.17235823282891,pems
PEMS_0280,37.77693574930406,-122.06186544182037,pems
PEMS_0281,37.2104771097752,-122.17997279061261,pems
PEMS_0282,37.282522720173375,-122.34393763433258,pems
PEMS_0283,37.705155600020895,-122.23632610192055,pems
PEMS_0284,37.229831900931416,-122.42728103727474,pems
PEMS_0285,37.66214915083708,-122.0334310167035,pems
PEMS_0286,37.83117999133159,-122.36557889940022,pems
PEMS_0287,37.766593906542504,-122.16717254875621,pems
PEMS_0288,37.66160507335846,-121.82279437788503,pems
PEMS_0289,37.823031332964085,-122.47783174854634,pems
PEMS_0290,37.47937866962628,-122.39378903496065,pems
PEMS_0291,37.76737129430918,-122.2909945709398,pems
PEMS_0292,37.43137248418285,-121.84073512490862,pems
PEMS_0293,37.8043463743875,-121.86381074271017,pems
PEMS_0294,37.29670547655737,-122.38659941143163,pems
PEMS_0295,37.81101885970338,-121.81321755870576,pems
PEMS_0296,37.74126552823409,-121.9744767324094,pems
PEMS_0297,37.7499356448277,-122.12201604194718,pems
PEMS_0298,37.280549956450564,-121.84780798192696,pems
PEMS_0299,37.58771648392213,-121.88357500047638,pems
PEMS_0300,37.210655112569356,-122.22607845523792,pems
PEMS_0301,37.6687698379329,-122.0405597628144,pems
PEMS_0302,37.20502938418184,-122.04683039809866,pems
PEMS_0303,37.25513448033941,-122.27112226992392,pems
PEMS_0304,37.34657396679252,-122.37442687774174,pems
PEMS_0305,37.7688309470176,-122.17323308577662,pems
PEMS_0306,37.436324606691954,-122.31570327458533,pems
PEMS_0307,37.55097395788817,-122.25145441154352,pems
PEMS_0308,37.569267088982336,-121.83209922177107,pems
PEMS_0309,37.34655118419888,-122.17720349062748,pems
PEMS_0310,37.5718953991899,-122.02057597416639,pems
PEMS_0311,37.62961866676925,-122.26463907366264,pems
PEMS_0312,37.393859505656266,-121.80289724508445,pems
PEMS_0313,37.47210745833702,-122.03886267577083,pems
PEMS_0314,37.494507800954985,-122.36279337397809,pems
PEMS_0315,37.80602793000236,-122.43127120096497,pems
PEMS_0316,37.58187093586168,-121.83977360017604,pems
PEMS_0317,37.81636404155179,-121.83865551745255,pems
PEMS_0318,37.56142258994735,-122.06507013720045,pems
PEMS_0319,37.52536492355192,-122.48810595045762,pems
PEMS_0320,37.20229593712806,-122.34212558100646,pems
PEMS_0321,37.51257787851873,-121.93910625111702,pems
PEMS_0322,37.802845749065725,-121.88717811948086,pems
PEMS_0323,37.32893769786737,-122.18220712991113,pems
PEMS_0324,37.23385923735318,-122.24413556720579,pems
